Section,Data Type,Collected,Shared,Ephemeral,Required,Purpose,Encrypted in Transit,User Can Request Deletion,Notes
User Data - Device or other IDs,Device or other IDs (Advertising ID Android ID),YES,YES,NO,NO,"Advertising, Analytics, Fraud prevention, Personalization",YES,YES,"Collected by Google AdMob SDK not by Docify code directly. User can reset/delete Advertising ID in Android Settings → Privacy → Ads. Purpose: ads."
User Data - App activity,App interactions (taps views),YES,YES,NO,NO,"Advertising, Analytics",YES,NO,"Collected via AdMob SDK for ad performance. Encrypted in transit."
User Data - App info and performance,Crash logs Diagnostics Performance data,YES,YES,NO,NO,"Analytics, Fraud prevention",YES,NO,"Collected via AdMob SDK / Firebase for crash and analytics. No user documents."
User Data - Approximate location,Approximate location (IP-based not GPS),YES,YES,NO,NO,"Advertising",YES,NO,"Derived from IP address by AdMob SDK for ad targeting. We do NOT request ACCESS_FINE_LOCATION or ACCESS_COARSE_LOCATION. No precise location."
User Data - Files and docs,Files and docs (photos signatures PDFs CVs certificates),YES,NO,NO,NO,"App functionality (backup/restore)",YES,YES,"Collected ONLY when user explicitly taps Sync to THEIR own Google Drive. Default 100% on-device. Goes to user's Drive folder Docify — Google as processor not developer server. Developer has no server. Optional OFF by default user can turn off anytime. Encrypted via HTTPS. Deletion: user deletes from drive.google.com + revokes at myaccount.google.com/permissions + in-app delete."
User Data - Photos and videos,Photos and videos,NO,NO,NO,NO,"N/A",NO,NO,"We use Photo Picker and Camera only when user picks/captures. Processing stays on-device. Not counted as collection per Play policy unless uploaded to developer server which we don't."
User Data - Personal info,Email,YES,NO,NO,NO,"Account management",YES,YES,"Collected when user taps Sign in with Google via Firebase Auth. Display name email photo URL. Optional guest mode fully works without it. Encrypted. Deletion via Profile → Sign out / Delete Account or email keshabsarkar2018@gmail.com."
User Data - Personal info,Name (display name),YES,NO,NO,NO,"Account management",YES,YES,"Same as email — Firebase Auth when user signs in. Optional."
User Data - Personal info,Profile photo,YES,NO,NO,NO,"Account management",YES,YES,"Same as email — Firebase Auth photo URL. Optional. Shown on Profile screen."
User Data - Contacts,Contacts,NO,NO,NO,NO,"N/A",NO,NO,"We do NOT request READ_CONTACTS. No collection."
User Data - Messages,SMS MMS,NO,NO,NO,NO,"N/A",NO,NO,"We do NOT request READ_SMS. No collection."
User Data - Location,Precise location,NO,NO,NO,NO,"N/A",NO,NO,"We do NOT request ACCESS_FINE_LOCATION or ACCESS_COARSE_LOCATION. No precise location collection."
User Data - Audio,Microphone Voice,NO,NO,NO,NO,"N/A",NO,NO,"We do NOT request RECORD_AUDIO. No collection."
User Data - Calendar,Calendar events,NO,NO,NO,NO,"N/A",NO,NO,"No collection."
User Data - Health,Fitness Health data,NO,NO,NO,NO,"N/A",NO,NO,"No collection."
User Data - Financial,Financial info,NO,NO,NO,NO,"N/A",NO,NO,"No collection. No in-app purchases."
User Data - Personal info,Phone number Address,NO,NO,NO,NO,"N/A",NO,NO,"No collection. App works without phone/address."
Security,Data encrypted in transit,YES,,,,,,, "YES — HTTPS/TLS to AdMob Firebase Drive"
Security,Data deletion mechanism,YES,,,,,,, "YES — In-app delete Documents → Delete Profile → Sign out / Delete Account Clear cache + Drive folder delete at drive.google.com + revoke at myaccount.google.com/permissions + email keshabsarkar2018@gmail.com"
Security,No server storing docs,YES,,,,,,, "We do NOT operate Docify server storing photos signatures PDFs CVs. Only user's own Drive if user enables."
Target Audience,Age group,18+,,,,,,, "Target 18+ preparing job exam forms. Not directed to children under 13. Not a children's app per Families Policy."
Ads,Contains ads,YES,,,,,,, "YES — Banner ads via Google AdMob at bottom of MainNav. No interstitial no rewarded. No in-app purchases."
Permissions,INTERNET,CAMERA WRITE_EXTERNAL_STORAGE maxSdk 29,,,,,,, "INTERNET for ads + optional Drive backup CAMERA only when user taps Scan/Capture signature WRITE_EXTERNAL_STORAGE maxSdk 29 for gallery save on Android 10 and older. No broad storage no location no contacts."
SDKs,Google Mobile Ads (AdMob),YES,YES,,,,"https://policies.google.com/privacy",,,"Collects device IDs approximate location app interactions for ads."
SDKs,Firebase Authentication,YES,NO,,,,"https://firebase.google.com/support/privacy",,,"Email display name photo URL when user signs in."
SDKs,Google Drive API drive.file scope,YES,NO,,,,"https://policies.google.com/privacy",,,"Files user chooses to backup to user's own Drive."
Links,Privacy Policy URL,https://keshab1997.github.io/docify/privacy.html,,,,,,, "Must be live — already live 200 OK"
Links,Data Deletion URL,https://keshab1997.github.io/docify/data-deletion.html,,,,,,, "Must be live — already live 200 OK"
Links,Terms URL,https://keshab1997.github.io/docify/terms.html,,,,,,, "Live 200 OK"
Links,Support URL,https://keshab1997.github.io/docify/support.html,,,,,,, "Live 200 OK"
Links,Contact Email,keshabsarkar2018@gmail.com,,,,,,, "Support email"
Links,Website,https://keshab1997.github.io/docify/,,,,,,, "Landing page"
Links,Play Store,https://play.google.com/store/apps/details?id=com.keshabstudios.docify,,,,,,, "Play Store listing"
